fixture,date,time,venue,predicted_outcome,outcome_confidence,outcome_probabilities,over_25_prediction,over_25_confidence,over_25_probabilities,features_used,model_accuracy
Home vs Away,Date,Time,Attendance,Home Win/Draw,0.9481551228204385,"{'Home Win/Draw': np.float64(0.9481551228204385), 'Away Win': np.float64(0.051844877179561495)}",Under 2.5,0.9481551228204385,"{'Under 2.5': np.float64(0.9481551228204385), 'Over 2.5': np.float64(0.051844877179561495)}","{'home_form_wins': 0.0, 'away_form_wins': 0.0, 'elo_diff': 0, 'elo_ratio': 0.0, 'home_avg_goals_scored': 0, 'home_avg_goals_conceded': 1.5, 'away_avg_goals_scored': 0, 'away_avg_goals_conceded': 1.5, 'home_goal_diff': -1.5, 'away_goal_diff': -1.5, 'total_goal_diff': 0.0, 'is_important': 1, 'odds_diff': 0}",60.5% (Outcome) / 72.6% (Over/Under)
LAFC vs América,2025-05-31,19:30 (03:30),"20,714",Home Win/Draw,0.9481551228204385,"{'Home Win/Draw': np.float64(0.9481551228204385), 'Away Win': np.float64(0.051844877179561495)}",Under 2.5,0.9481551228204385,"{'Under 2.5': np.float64(0.9481551228204385), 'Over 2.5': np.float64(0.051844877179561495)}","{'home_form_wins': 0.0, 'away_form_wins': 0.0, 'elo_diff': 0, 'elo_ratio': 0.0, 'home_avg_goals_scored': 0, 'home_avg_goals_conceded': 1.5, 'away_avg_goals_scored': 0, 'away_avg_goals_conceded': 1.5, 'home_goal_diff': -1.5, 'away_goal_diff': -1.5, 'total_goal_diff': 0.0, 'is_important': 1, 'odds_diff': 0}",60.5% (Outcome) / 72.6% (Over/Under)
Paris S-G vs Atlético Madrid,2025-06-15,12:00 (20:00),"80,619",Home Win/Draw,0.9481551228204385,"{'Home Win/Draw': np.float64(0.9481551228204385), 'Away Win': np.float64(0.051844877179561495)}",Under 2.5,0.9481551228204385,"{'Under 2.5': np.float64(0.9481551228204385), 'Over 2.5': np.float64(0.051844877179561495)}","{'home_form_wins': 0.0, 'away_form_wins': 0.0, 'elo_diff': 0, 'elo_ratio': 0.0, 'home_avg_goals_scored': 0, 'home_avg_goals_conceded': 1.5, 'away_avg_goals_scored': 0, 'away_avg_goals_conceded': 1.5, 'home_goal_diff': -1.5, 'away_goal_diff': -1.5, 'total_goal_diff': 0.0, 'is_important': 1, 'odds_diff': 0}",60.5% (Outcome) / 72.6% (Over/Under)
Bayern Munich vs Auckland City,2025-06-15,12:00 (17:00),"21,152",Home Win/Draw,0.9481551228204385,"{'Home Win/Draw': np.float64(0.9481551228204385), 'Away Win': np.float64(0.051844877179561495)}",Under 2.5,0.9481551228204385,"{'Under 2.5': np.float64(0.9481551228204385), 'Over 2.5': np.float64(0.051844877179561495)}","{'home_form_wins': 0.0, 'away_form_wins': 0.0, 'elo_diff': 0, 'elo_ratio': 0.0, 'home_avg_goals_scored': 0, 'home_avg_goals_conceded': 1.5, 'away_avg_goals_scored': 0, 'away_avg_goals_conceded': 1.5, 'home_goal_diff': -1.5, 'away_goal_diff': -1.5, 'total_goal_diff': 0.0, 'is_important': 1, 'odds_diff': 0}",60.5% (Outcome) / 72.6% (Over/Under)
Palmeiras vs Porto,2025-06-15,18:00 (23:00),"46,275",Home Win/Draw,0.9481551228204385,"{'Home Win/Draw': np.float64(0.9481551228204385), 'Away Win': np.float64(0.051844877179561495)}",Under 2.5,0.9481551228204385,"{'Under 2.5': np.float64(0.9481551228204385), 'Over 2.5': np.float64(0.051844877179561495)}","{'home_form_wins': 0.0, 'away_form_wins': 0.0, 'elo_diff': 0, 'elo_ratio': 0.0, 'home_avg_goals_scored': 0, 'home_avg_goals_conceded': 1.5, 'away_avg_goals_scored': 0, 'away_avg_goals_conceded': 1.5, 'home_goal_diff': -1.5, 'away_goal_diff': -1.5, 'total_goal_diff': 0.0, 'is_important': 1, 'odds_diff': 0}",60.5% (Outcome) / 72.6% (Over/Under)
Ahly vs Inter Miami,2025-06-14,20:00 (01:00),"60,927",Home Win/Draw,0.9481551228204385,"{'Home Win/Draw': np.float64(0.9481551228204385), 'Away Win': np.float64(0.051844877179561495)}",Under 2.5,0.9481551228204385,"{'Under 2.5': np.float64(0.9481551228204385), 'Over 2.5': np.float64(0.051844877179561495)}","{'home_form_wins': 0.0, 'away_form_wins': 0.0, 'elo_diff': 0, 'elo_ratio': 0.0, 'home_avg_goals_scored': 0, 'home_avg_goals_conceded': 1.5, 'away_avg_goals_scored': 0, 'away_avg_goals_conceded': 1.5, 'home_goal_diff': -1.5, 'away_goal_diff': -1.5, 'total_goal_diff': 0.0, 'is_important': 1, 'odds_diff': 0}",60.5% (Outcome) / 72.6% (Over/Under)
Chelsea eng vs LAFC,2025-06-16,15:00 (20:00),,Home Win/Draw,0.9481551228204385,"{'Home Win/Draw': np.float64(0.9481551228204385), 'Away Win': np.float64(0.051844877179561495)}",Under 2.5,0.9481551228204385,"{'Under 2.5': np.float64(0.9481551228204385), 'Over 2.5': np.float64(0.051844877179561495)}","{'home_form_wins': 0.0, 'away_form_wins': 0.0, 'elo_diff': 0, 'elo_ratio': 0.0, 'home_avg_goals_scored': 0, 'home_avg_goals_conceded': 1.5, 'away_avg_goals_scored': 0, 'away_avg_goals_conceded': 1.5, 'home_goal_diff': -1.5, 'away_goal_diff': -1.5, 'total_goal_diff': 0.0, 'is_important': 1, 'odds_diff': 0}",60.5% (Outcome) / 72.6% (Over/Under)
Boca Juniors vs Benfica,2025-06-16,18:00 (23:00),"55,574",Home Win/Draw,0.9481551228204385,"{'Home Win/Draw': np.float64(0.9481551228204385), 'Away Win': np.float64(0.051844877179561495)}",Under 2.5,0.9481551228204385,"{'Under 2.5': np.float64(0.9481551228204385), 'Over 2.5': np.float64(0.051844877179561495)}","{'home_form_wins': 0.0, 'away_form_wins': 0.0, 'elo_diff': 0, 'elo_ratio': 0.0, 'home_avg_goals_scored': 0, 'home_avg_goals_conceded': 1.5, 'away_avg_goals_scored': 0, 'away_avg_goals_conceded': 1.5, 'home_goal_diff': -1.5, 'away_goal_diff': -1.5, 'total_goal_diff': 0.0, 'is_important': 1, 'odds_diff': 0}",60.5% (Outcome) / 72.6% (Over/Under)
Botafogo vs Seattle Sounders,2025-06-15,19:00 (03:00),"30,151",Home Win/Draw,0.9481551228204385,"{'Home Win/Draw': np.float64(0.9481551228204385), 'Away Win': np.float64(0.051844877179561495)}",Under 2.5,0.9481551228204385,"{'Under 2.5': np.float64(0.9481551228204385), 'Over 2.5': np.float64(0.051844877179561495)}","{'home_form_wins': 0.0, 'away_form_wins': 0.0, 'elo_diff': 0, 'elo_ratio': 0.0, 'home_avg_goals_scored': 0, 'home_avg_goals_conceded': 1.5, 'away_avg_goals_scored': 0, 'away_avg_goals_conceded': 1.5, 'home_goal_diff': -1.5, 'away_goal_diff': -1.5, 'total_goal_diff': 0.0, 'is_important': 1, 'odds_diff': 0}",60.5% (Outcome) / 72.6% (Over/Under)
River Plate vs Urawa Reds,2025-06-17,12:00 (20:00),"11,974",Home Win/Draw,0.9481551228204385,"{'Home Win/Draw': np.float64(0.9481551228204385), 'Away Win': np.float64(0.051844877179561495)}",Under 2.5,0.9481551228204385,"{'Under 2.5': np.float64(0.9481551228204385), 'Over 2.5': np.float64(0.051844877179561495)}","{'home_form_wins': 0.0, 'away_form_wins': 0.0, 'elo_diff': 0, 'elo_ratio': 0.0, 'home_avg_goals_scored': 0, 'home_avg_goals_conceded': 1.5, 'away_avg_goals_scored': 0, 'away_avg_goals_conceded': 1.5, 'home_goal_diff': -1.5, 'away_goal_diff': -1.5, 'total_goal_diff': 0.0, 'is_important': 1, 'odds_diff': 0}",60.5% (Outcome) / 72.6% (Over/Under)
Fluminense vs Dortmund,2025-06-17,12:00 (17:00),"34,736",Home Win/Draw,0.9481551228204385,"{'Home Win/Draw': np.float64(0.9481551228204385), 'Away Win': np.float64(0.051844877179561495)}",Under 2.5,0.9481551228204385,"{'Under 2.5': np.float64(0.9481551228204385), 'Over 2.5': np.float64(0.051844877179561495)}","{'home_form_wins': 0.0, 'away_form_wins': 0.0, 'elo_diff': 0, 'elo_ratio': 0.0, 'home_avg_goals_scored': 0, 'home_avg_goals_conceded': 1.5, 'away_avg_goals_scored': 0, 'away_avg_goals_conceded': 1.5, 'home_goal_diff': -1.5, 'away_goal_diff': -1.5, 'total_goal_diff': 0.0, 'is_important': 1, 'odds_diff': 0}",60.5% (Outcome) / 72.6% (Over/Under)
Ulsan vs Sundowns,2025-06-17,19:05 (00:05),"3,412",Home Win/Draw,0.9481551228204385,"{'Home Win/Draw': np.float64(0.9481551228204385), 'Away Win': np.float64(0.051844877179561495)}",Under 2.5,0.9481551228204385,"{'Under 2.5': np.float64(0.9481551228204385), 'Over 2.5': np.float64(0.051844877179561495)}","{'home_form_wins': 0.0, 'away_form_wins': 0.0, 'elo_diff': 0, 'elo_ratio': 0.0, 'home_avg_goals_scored': 0, 'home_avg_goals_conceded': 1.5, 'away_avg_goals_scored': 0, 'away_avg_goals_conceded': 1.5, 'home_goal_diff': -1.5, 'away_goal_diff': -1.5, 'total_goal_diff': 0.0, 'is_important': 1, 'odds_diff': 0}",60.5% (Outcome) / 72.6% (Over/Under)
Flamengo vs Espérance Tunis,2025-06-16,21:00 (02:00),"25,797",Home Win/Draw,0.9481551228204385,"{'Home Win/Draw': np.float64(0.9481551228204385), 'Away Win': np.float64(0.051844877179561495)}",Under 2.5,0.9481551228204385,"{'Under 2.5': np.float64(0.9481551228204385), 'Over 2.5': np.float64(0.051844877179561495)}","{'home_form_wins': 0.0, 'away_form_wins': 0.0, 'elo_diff': 0, 'elo_ratio': 0.0, 'home_avg_goals_scored': 0, 'home_avg_goals_conceded': 1.5, 'away_avg_goals_scored': 0, 'away_avg_goals_conceded': 1.5, 'home_goal_diff': -1.5, 'away_goal_diff': -1.5, 'total_goal_diff': 0.0, 'is_important': 1, 'odds_diff': 0}",60.5% (Outcome) / 72.6% (Over/Under)
Manchester City eng vs Wydad,2025-06-18,12:00 (17:00),"37,446",Home Win/Draw,0.9481551228204385,"{'Home Win/Draw': np.float64(0.9481551228204385), 'Away Win': np.float64(0.051844877179561495)}",Under 2.5,0.9481551228204385,"{'Under 2.5': np.float64(0.9481551228204385), 'Over 2.5': np.float64(0.051844877179561495)}","{'home_form_wins': 0.0, 'away_form_wins': 0.0, 'elo_diff': 0, 'elo_ratio': 0.0, 'home_avg_goals_scored': 0, 'home_avg_goals_conceded': 1.5, 'away_avg_goals_scored': 0, 'away_avg_goals_conceded': 1.5, 'home_goal_diff': -1.5, 'away_goal_diff': -1.5, 'total_goal_diff': 0.0, 'is_important': 1, 'odds_diff': 0}",60.5% (Outcome) / 72.6% (Over/Under)
Real Madrid vs Al-Hilal,2025-06-18,15:00 (20:00),"62,415",Home Win/Draw,0.9481551228204385,"{'Home Win/Draw': np.float64(0.9481551228204385), 'Away Win': np.float64(0.051844877179561495)}",Under 2.5,0.9481551228204385,"{'Under 2.5': np.float64(0.9481551228204385), 'Over 2.5': np.float64(0.051844877179561495)}","{'home_form_wins': 0.0, 'away_form_wins': 0.0, 'elo_diff': 0, 'elo_ratio': 0.0, 'home_avg_goals_scored': 0, 'home_avg_goals_conceded': 1.5, 'away_avg_goals_scored': 0, 'away_avg_goals_conceded': 1.5, 'home_goal_diff': -1.5, 'away_goal_diff': -1.5, 'total_goal_diff': 0.0, 'is_important': 1, 'odds_diff': 0}",60.5% (Outcome) / 72.6% (Over/Under)
Monterrey vs Inter,2025-06-17,18:00 (02:00),"40,311",Home Win/Draw,0.9481551228204385,"{'Home Win/Draw': np.float64(0.9481551228204385), 'Away Win': np.float64(0.051844877179561495)}",Under 2.5,0.9481551228204385,"{'Under 2.5': np.float64(0.9481551228204385), 'Over 2.5': np.float64(0.051844877179561495)}","{'home_form_wins': 0.0, 'away_form_wins': 0.0, 'elo_diff': 0, 'elo_ratio': 0.0, 'home_avg_goals_scored': 0, 'home_avg_goals_conceded': 1.5, 'away_avg_goals_scored': 0, 'away_avg_goals_conceded': 1.5, 'home_goal_diff': -1.5, 'away_goal_diff': -1.5, 'total_goal_diff': 0.0, 'is_important': 1, 'odds_diff': 0}",60.5% (Outcome) / 72.6% (Over/Under)
Pachuca vs Salzburg,2025-06-18,18:00 (23:00),"5,282",Home Win/Draw,0.9481551228204385,"{'Home Win/Draw': np.float64(0.9481551228204385), 'Away Win': np.float64(0.051844877179561495)}",Under 2.5,0.9481551228204385,"{'Under 2.5': np.float64(0.9481551228204385), 'Over 2.5': np.float64(0.051844877179561495)}","{'home_form_wins': 0.0, 'away_form_wins': 0.0, 'elo_diff': 0, 'elo_ratio': 0.0, 'home_avg_goals_scored': 0, 'home_avg_goals_conceded': 1.5, 'away_avg_goals_scored': 0, 'away_avg_goals_conceded': 1.5, 'home_goal_diff': -1.5, 'away_goal_diff': -1.5, 'total_goal_diff': 0.0, 'is_important': 1, 'odds_diff': 0}",60.5% (Outcome) / 72.6% (Over/Under)
Palmeiras vs Ahly,2025-06-19,12:00 (17:00),"35,179",Home Win/Draw,0.9481551228204385,"{'Home Win/Draw': np.float64(0.9481551228204385), 'Away Win': np.float64(0.051844877179561495)}",Under 2.5,0.9481551228204385,"{'Under 2.5': np.float64(0.9481551228204385), 'Over 2.5': np.float64(0.051844877179561495)}","{'home_form_wins': 0.0, 'away_form_wins': 0.0, 'elo_diff': 0, 'elo_ratio': 0.0, 'home_avg_goals_scored': 0, 'home_avg_goals_conceded': 1.5, 'away_avg_goals_scored': 0, 'away_avg_goals_conceded': 1.5, 'home_goal_diff': -1.5, 'away_goal_diff': -1.5, 'total_goal_diff': 0.0, 'is_important': 1, 'odds_diff': 0}",60.5% (Outcome) / 72.6% (Over/Under)
Inter Miami vs Porto,2025-06-19,15:00 (20:00),"31,783",Home Win/Draw,0.9481551228204385,"{'Home Win/Draw': np.float64(0.9481551228204385), 'Away Win': np.float64(0.051844877179561495)}",Under 2.5,0.9481551228204385,"{'Under 2.5': np.float64(0.9481551228204385), 'Over 2.5': np.float64(0.051844877179561495)}","{'home_form_wins': 0.0, 'away_form_wins': 0.0, 'elo_diff': 0, 'elo_ratio': 0.0, 'home_avg_goals_scored': 0, 'home_avg_goals_conceded': 1.5, 'away_avg_goals_scored': 0, 'away_avg_goals_conceded': 1.5, 'home_goal_diff': -1.5, 'away_goal_diff': -1.5, 'total_goal_diff': 0.0, 'is_important': 1, 'odds_diff': 0}",60.5% (Outcome) / 72.6% (Over/Under)
Seattle Sounders vs Atlético Madrid,2025-06-19,15:00 (23:00),"51,636",Home Win/Draw,0.9481551228204385,"{'Home Win/Draw': np.float64(0.9481551228204385), 'Away Win': np.float64(0.051844877179561495)}",Under 2.5,0.9481551228204385,"{'Under 2.5': np.float64(0.9481551228204385), 'Over 2.5': np.float64(0.051844877179561495)}","{'home_form_wins': 0.0, 'away_form_wins': 0.0, 'elo_diff': 0, 'elo_ratio': 0.0, 'home_avg_goals_scored': 0, 'home_avg_goals_conceded': 1.5, 'away_avg_goals_scored': 0, 'away_avg_goals_conceded': 1.5, 'home_goal_diff': -1.5, 'away_goal_diff': -1.5, 'total_goal_diff': 0.0, 'is_important': 1, 'odds_diff': 0}",60.5% (Outcome) / 72.6% (Over/Under)
Ain vs Juventus,2025-06-18,21:00 (02:00),"18,161",Home Win/Draw,0.9481551228204385,"{'Home Win/Draw': np.float64(0.9481551228204385), 'Away Win': np.float64(0.051844877179561495)}",Under 2.5,0.9481551228204385,"{'Under 2.5': np.float64(0.9481551228204385), 'Over 2.5': np.float64(0.051844877179561495)}","{'home_form_wins': 0.0, 'away_form_wins': 0.0, 'elo_diff': 0, 'elo_ratio': 0.0, 'home_avg_goals_scored': 0, 'home_avg_goals_conceded': 1.5, 'away_avg_goals_scored': 0, 'away_avg_goals_conceded': 1.5, 'home_goal_diff': -1.5, 'away_goal_diff': -1.5, 'total_goal_diff': 0.0, 'is_important': 1, 'odds_diff': 0}",60.5% (Outcome) / 72.6% (Over/Under)
Benfica vs Auckland City,2025-06-20,12:00 (17:00),"6,730",Home Win/Draw,0.9481551228204385,"{'Home Win/Draw': np.float64(0.9481551228204385), 'Away Win': np.float64(0.051844877179561495)}",Under 2.5,0.9481551228204385,"{'Under 2.5': np.float64(0.9481551228204385), 'Over 2.5': np.float64(0.051844877179561495)}","{'home_form_wins': 0.0, 'away_form_wins': 0.0, 'elo_diff': 0, 'elo_ratio': 0.0, 'home_avg_goals_scored': 0, 'home_avg_goals_conceded': 1.5, 'away_avg_goals_scored': 0, 'away_avg_goals_conceded': 1.5, 'home_goal_diff': -1.5, 'away_goal_diff': -1.5, 'total_goal_diff': 0.0, 'is_important': 1, 'odds_diff': 0}",60.5% (Outcome) / 72.6% (Over/Under)
Flamengo vs eng Chelsea,2025-06-20,14:00 (19:00),"54,619",Home Win/Draw,0.9481551228204385,"{'Home Win/Draw': np.float64(0.9481551228204385), 'Away Win': np.float64(0.051844877179561495)}",Under 2.5,0.9481551228204385,"{'Under 2.5': np.float64(0.9481551228204385), 'Over 2.5': np.float64(0.051844877179561495)}","{'home_form_wins': 0.0, 'away_form_wins': 0.0, 'elo_diff': 0, 'elo_ratio': 0.0, 'home_avg_goals_scored': 0, 'home_avg_goals_conceded': 1.5, 'away_avg_goals_scored': 0, 'away_avg_goals_conceded': 1.5, 'home_goal_diff': -1.5, 'away_goal_diff': -1.5, 'total_goal_diff': 0.0, 'is_important': 1, 'odds_diff': 0}",60.5% (Outcome) / 72.6% (Over/Under)
LAFC vs Espérance Tunis,2025-06-20,17:00 (23:00),"13,651",Home Win/Draw,0.9481551228204385,"{'Home Win/Draw': np.float64(0.9481551228204385), 'Away Win': np.float64(0.051844877179561495)}",Under 2.5,0.9481551228204385,"{'Under 2.5': np.float64(0.9481551228204385), 'Over 2.5': np.float64(0.051844877179561495)}","{'home_form_wins': 0.0, 'away_form_wins': 0.0, 'elo_diff': 0, 'elo_ratio': 0.0, 'home_avg_goals_scored': 0, 'home_avg_goals_conceded': 1.5, 'away_avg_goals_scored': 0, 'away_avg_goals_conceded': 1.5, 'home_goal_diff': -1.5, 'away_goal_diff': -1.5, 'total_goal_diff': 0.0, 'is_important': 1, 'odds_diff': 0}",60.5% (Outcome) / 72.6% (Over/Under)
Paris S-G vs Botafogo,2025-06-19,18:00 (02:00),"53,699",Home Win/Draw,0.9481551228204385,"{'Home Win/Draw': np.float64(0.9481551228204385), 'Away Win': np.float64(0.051844877179561495)}",Under 2.5,0.9481551228204385,"{'Under 2.5': np.float64(0.9481551228204385), 'Over 2.5': np.float64(0.051844877179561495)}","{'home_form_wins': 0.0, 'away_form_wins': 0.0, 'elo_diff': 0, 'elo_ratio': 0.0, 'home_avg_goals_scored': 0, 'home_avg_goals_conceded': 1.5, 'away_avg_goals_scored': 0, 'away_avg_goals_conceded': 1.5, 'home_goal_diff': -1.5, 'away_goal_diff': -1.5, 'total_goal_diff': 0.0, 'is_important': 1, 'odds_diff': 0}",60.5% (Outcome) / 72.6% (Over/Under)
Inter vs Urawa Reds,2025-06-21,12:00 (20:00),"25,090",Home Win/Draw,0.9481551228204385,"{'Home Win/Draw': np.float64(0.9481551228204385), 'Away Win': np.float64(0.051844877179561495)}",Under 2.5,0.9481551228204385,"{'Under 2.5': np.float64(0.9481551228204385), 'Over 2.5': np.float64(0.051844877179561495)}","{'home_form_wins': 0.0, 'away_form_wins': 0.0, 'elo_diff': 0, 'elo_ratio': 0.0, 'home_avg_goals_scored': 0, 'home_avg_goals_conceded': 1.5, 'away_avg_goals_scored': 0, 'away_avg_goals_conceded': 1.5, 'home_goal_diff': -1.5, 'away_goal_diff': -1.5, 'total_goal_diff': 0.0, 'is_important': 1, 'odds_diff': 0}",60.5% (Outcome) / 72.6% (Over/Under)
Sundowns vs Dortmund,2025-06-21,12:00 (17:00),"14,006",Home Win/Draw,0.9481551228204385,"{'Home Win/Draw': np.float64(0.9481551228204385), 'Away Win': np.float64(0.051844877179561495)}",Under 2.5,0.9481551228204385,"{'Under 2.5': np.float64(0.9481551228204385), 'Over 2.5': np.float64(0.051844877179561495)}","{'home_form_wins': 0.0, 'away_form_wins': 0.0, 'elo_diff': 0, 'elo_ratio': 0.0, 'home_avg_goals_scored': 0, 'home_avg_goals_conceded': 1.5, 'away_avg_goals_scored': 0, 'away_avg_goals_conceded': 1.5, 'home_goal_diff': -1.5, 'away_goal_diff': -1.5, 'total_goal_diff': 0.0, 'is_important': 1, 'odds_diff': 0}",60.5% (Outcome) / 72.6% (Over/Under)
Fluminense vs Ulsan,2025-06-21,18:00 (23:00),"29,321",Home Win/Draw,0.9481551228204385,"{'Home Win/Draw': np.float64(0.9481551228204385), 'Away Win': np.float64(0.051844877179561495)}",Under 2.5,0.9481551228204385,"{'Under 2.5': np.float64(0.9481551228204385), 'Over 2.5': np.float64(0.051844877179561495)}","{'home_form_wins': 0.0, 'away_form_wins': 0.0, 'elo_diff': 0, 'elo_ratio': 0.0, 'home_avg_goals_scored': 0, 'home_avg_goals_conceded': 1.5, 'away_avg_goals_scored': 0, 'away_avg_goals_conceded': 1.5, 'home_goal_diff': -1.5, 'away_goal_diff': -1.5, 'total_goal_diff': 0.0, 'is_important': 1, 'odds_diff': 0}",60.5% (Outcome) / 72.6% (Over/Under)
Bayern Munich vs Boca Juniors,2025-06-20,21:00 (02:00),"63,587",Home Win/Draw,0.9481551228204385,"{'Home Win/Draw': np.float64(0.9481551228204385), 'Away Win': np.float64(0.051844877179561495)}",Under 2.5,0.9481551228204385,"{'Under 2.5': np.float64(0.9481551228204385), 'Over 2.5': np.float64(0.051844877179561495)}","{'home_form_wins': 0.0, 'away_form_wins': 0.0, 'elo_diff': 0, 'elo_ratio': 0.0, 'home_avg_goals_scored': 0, 'home_avg_goals_conceded': 1.5, 'away_avg_goals_scored': 0, 'away_avg_goals_conceded': 1.5, 'home_goal_diff': -1.5, 'away_goal_diff': -1.5, 'total_goal_diff': 0.0, 'is_important': 1, 'odds_diff': 0}",60.5% (Outcome) / 72.6% (Over/Under)
Juventus vs Wydad,2025-06-22,12:00 (17:00),"31,975",Home Win/Draw,0.9481551228204385,"{'Home Win/Draw': np.float64(0.9481551228204385), 'Away Win': np.float64(0.051844877179561495)}",Under 2.5,0.9481551228204385,"{'Under 2.5': np.float64(0.9481551228204385), 'Over 2.5': np.float64(0.051844877179561495)}","{'home_form_wins': 0.0, 'away_form_wins': 0.0, 'elo_diff': 0, 'elo_ratio': 0.0, 'home_avg_goals_scored': 0, 'home_avg_goals_conceded': 1.5, 'away_avg_goals_scored': 0, 'away_avg_goals_conceded': 1.5, 'home_goal_diff': -1.5, 'away_goal_diff': -1.5, 'total_goal_diff': 0.0, 'is_important': 1, 'odds_diff': 0}",60.5% (Outcome) / 72.6% (Over/Under)
Real Madrid vs Pachuca,2025-06-22,15:00 (20:00),"70,248",Home Win/Draw,0.9481551228204385,"{'Home Win/Draw': np.float64(0.9481551228204385), 'Away Win': np.float64(0.051844877179561495)}",Under 2.5,0.9481551228204385,"{'Under 2.5': np.float64(0.9481551228204385), 'Over 2.5': np.float64(0.051844877179561495)}","{'home_form_wins': 0.0, 'away_form_wins': 0.0, 'elo_diff': 0, 'elo_ratio': 0.0, 'home_avg_goals_scored': 0, 'home_avg_goals_conceded': 1.5, 'away_avg_goals_scored': 0, 'away_avg_goals_conceded': 1.5, 'home_goal_diff': -1.5, 'away_goal_diff': -1.5, 'total_goal_diff': 0.0, 'is_important': 1, 'odds_diff': 0}",60.5% (Outcome) / 72.6% (Over/Under)
River Plate vs Monterrey,2025-06-21,18:00 (02:00),"57,393",Home Win/Draw,0.9481551228204385,"{'Home Win/Draw': np.float64(0.9481551228204385), 'Away Win': np.float64(0.051844877179561495)}",Under 2.5,0.9481551228204385,"{'Under 2.5': np.float64(0.9481551228204385), 'Over 2.5': np.float64(0.051844877179561495)}","{'home_form_wins': 0.0, 'away_form_wins': 0.0, 'elo_diff': 0, 'elo_ratio': 0.0, 'home_avg_goals_scored': 0, 'home_avg_goals_conceded': 1.5, 'away_avg_goals_scored': 0, 'away_avg_goals_conceded': 1.5, 'home_goal_diff': -1.5, 'away_goal_diff': -1.5, 'total_goal_diff': 0.0, 'is_important': 1, 'odds_diff': 0}",60.5% (Outcome) / 72.6% (Over/Under)
Salzburg vs Al-Hilal,2025-06-22,18:00 (23:00),"16,167",Home Win/Draw,0.9481551228204385,"{'Home Win/Draw': np.float64(0.9481551228204385), 'Away Win': np.float64(0.051844877179561495)}",Under 2.5,0.9481551228204385,"{'Under 2.5': np.float64(0.9481551228204385), 'Over 2.5': np.float64(0.051844877179561495)}","{'home_form_wins': 0.0, 'away_form_wins': 0.0, 'elo_diff': 0, 'elo_ratio': 0.0, 'home_avg_goals_scored': 0, 'home_avg_goals_conceded': 1.5, 'away_avg_goals_scored': 0, 'away_avg_goals_conceded': 1.5, 'home_goal_diff': -1.5, 'away_goal_diff': -1.5, 'total_goal_diff': 0.0, 'is_important': 1, 'odds_diff': 0}",60.5% (Outcome) / 72.6% (Over/Under)
Atlético Madrid vs Botafogo,2025-06-23,12:00 (20:00),"22,992",Home Win/Draw,0.9481551228204385,"{'Home Win/Draw': np.float64(0.9481551228204385), 'Away Win': np.float64(0.051844877179561495)}",Under 2.5,0.9481551228204385,"{'Under 2.5': np.float64(0.9481551228204385), 'Over 2.5': np.float64(0.051844877179561495)}","{'home_form_wins': 0.0, 'away_form_wins': 0.0, 'elo_diff': 0, 'elo_ratio': 0.0, 'home_avg_goals_scored': 0, 'home_avg_goals_conceded': 1.5, 'away_avg_goals_scored': 0, 'away_avg_goals_conceded': 1.5, 'home_goal_diff': -1.5, 'away_goal_diff': -1.5, 'total_goal_diff': 0.0, 'is_important': 1, 'odds_diff': 0}",60.5% (Outcome) / 72.6% (Over/Under)
Seattle Sounders vs Paris S-G,2025-06-23,12:00 (20:00),"50,628",Home Win/Draw,0.9481551228204385,"{'Home Win/Draw': np.float64(0.9481551228204385), 'Away Win': np.float64(0.051844877179561495)}",Under 2.5,0.9481551228204385,"{'Under 2.5': np.float64(0.9481551228204385), 'Over 2.5': np.float64(0.051844877179561495)}","{'home_form_wins': 0.0, 'away_form_wins': 0.0, 'elo_diff': 0, 'elo_ratio': 0.0, 'home_avg_goals_scored': 0, 'home_avg_goals_conceded': 1.5, 'away_avg_goals_scored': 0, 'away_avg_goals_conceded': 1.5, 'home_goal_diff': -1.5, 'away_goal_diff': -1.5, 'total_goal_diff': 0.0, 'is_important': 1, 'odds_diff': 0}",60.5% (Outcome) / 72.6% (Over/Under)
Manchester City eng vs Ain,2025-06-22,21:00 (02:00),"40,392",Home Win/Draw,0.9481551228204385,"{'Home Win/Draw': np.float64(0.9481551228204385), 'Away Win': np.float64(0.051844877179561495)}",Under 2.5,0.9481551228204385,"{'Under 2.5': np.float64(0.9481551228204385), 'Over 2.5': np.float64(0.051844877179561495)}","{'home_form_wins': 0.0, 'away_form_wins': 0.0, 'elo_diff': 0, 'elo_ratio': 0.0, 'home_avg_goals_scored': 0, 'home_avg_goals_conceded': 1.5, 'away_avg_goals_scored': 0, 'away_avg_goals_conceded': 1.5, 'home_goal_diff': -1.5, 'away_goal_diff': -1.5, 'total_goal_diff': 0.0, 'is_important': 1, 'odds_diff': 0}",60.5% (Outcome) / 72.6% (Over/Under)
Home vs Away,Date,Time,Attendance,Home Win/Draw,0.9481551228204385,"{'Home Win/Draw': np.float64(0.9481551228204385), 'Away Win': np.float64(0.051844877179561495)}",Under 2.5,0.9481551228204385,"{'Under 2.5': np.float64(0.9481551228204385), 'Over 2.5': np.float64(0.051844877179561495)}","{'home_form_wins': 0.0, 'away_form_wins': 0.0, 'elo_diff': 0, 'elo_ratio': 0.0, 'home_avg_goals_scored': 0, 'home_avg_goals_conceded': 1.5, 'away_avg_goals_scored': 0, 'away_avg_goals_conceded': 1.5, 'home_goal_diff': -1.5, 'away_goal_diff': -1.5, 'total_goal_diff': 0.0, 'is_important': 1, 'odds_diff': 0}",60.5% (Outcome) / 72.6% (Over/Under)
Auckland City vs Boca Juniors,2025-06-24,14:00 (20:00),"16,899",Home Win/Draw,0.9481551228204385,"{'Home Win/Draw': np.float64(0.9481551228204385), 'Away Win': np.float64(0.051844877179561495)}",Under 2.5,0.9481551228204385,"{'Under 2.5': np.float64(0.9481551228204385), 'Over 2.5': np.float64(0.051844877179561495)}","{'home_form_wins': 0.0, 'away_form_wins': 0.0, 'elo_diff': 0, 'elo_ratio': 0.0, 'home_avg_goals_scored': 0, 'home_avg_goals_conceded': 1.5, 'away_avg_goals_scored': 0, 'away_avg_goals_conceded': 1.5, 'home_goal_diff': -1.5, 'away_goal_diff': -1.5, 'total_goal_diff': 0.0, 'is_important': 1, 'odds_diff': 0}",60.5% (Outcome) / 72.6% (Over/Under)
Benfica vs Bayern Munich,2025-06-24,15:00 (20:00),"33,287",Home Win/Draw,0.9481551228204385,"{'Home Win/Draw': np.float64(0.9481551228204385), 'Away Win': np.float64(0.051844877179561495)}",Under 2.5,0.9481551228204385,"{'Under 2.5': np.float64(0.9481551228204385), 'Over 2.5': np.float64(0.051844877179561495)}","{'home_form_wins': 0.0, 'away_form_wins': 0.0, 'elo_diff': 0, 'elo_ratio': 0.0, 'home_avg_goals_scored': 0, 'home_avg_goals_conceded': 1.5, 'away_avg_goals_scored': 0, 'away_avg_goals_conceded': 1.5, 'home_goal_diff': -1.5, 'away_goal_diff': -1.5, 'total_goal_diff': 0.0, 'is_important': 1, 'odds_diff': 0}",60.5% (Outcome) / 72.6% (Over/Under)
Inter Miami vs Palmeiras,2025-06-23,21:00 (02:00),"60,914",Home Win/Draw,0.9481551228204385,"{'Home Win/Draw': np.float64(0.9481551228204385), 'Away Win': np.float64(0.051844877179561495)}",Under 2.5,0.9481551228204385,"{'Under 2.5': np.float64(0.9481551228204385), 'Over 2.5': np.float64(0.051844877179561495)}","{'home_form_wins': 0.0, 'away_form_wins': 0.0, 'elo_diff': 0, 'elo_ratio': 0.0, 'home_avg_goals_scored': 0, 'home_avg_goals_conceded': 1.5, 'away_avg_goals_scored': 0, 'away_avg_goals_conceded': 1.5, 'home_goal_diff': -1.5, 'away_goal_diff': -1.5, 'total_goal_diff': 0.0, 'is_important': 1, 'odds_diff': 0}",60.5% (Outcome) / 72.6% (Over/Under)
Porto vs Ahly,2025-06-23,21:00 (02:00),"39,893",Home Win/Draw,0.9481551228204385,"{'Home Win/Draw': np.float64(0.9481551228204385), 'Away Win': np.float64(0.051844877179561495)}",Under 2.5,0.9481551228204385,"{'Under 2.5': np.float64(0.9481551228204385), 'Over 2.5': np.float64(0.051844877179561495)}","{'home_form_wins': 0.0, 'away_form_wins': 0.0, 'elo_diff': 0, 'elo_ratio': 0.0, 'home_avg_goals_scored': 0, 'home_avg_goals_conceded': 1.5, 'away_avg_goals_scored': 0, 'away_avg_goals_conceded': 1.5, 'home_goal_diff': -1.5, 'away_goal_diff': -1.5, 'total_goal_diff': 0.0, 'is_important': 1, 'odds_diff': 0}",60.5% (Outcome) / 72.6% (Over/Under)
Dortmund vs Ulsan,2025-06-25,15:00 (20:00),"8,239",Home Win/Draw,0.9481551228204385,"{'Home Win/Draw': np.float64(0.9481551228204385), 'Away Win': np.float64(0.051844877179561495)}",Under 2.5,0.9481551228204385,"{'Under 2.5': np.float64(0.9481551228204385), 'Over 2.5': np.float64(0.051844877179561495)}","{'home_form_wins': 0.0, 'away_form_wins': 0.0, 'elo_diff': 0, 'elo_ratio': 0.0, 'home_avg_goals_scored': 0, 'home_avg_goals_conceded': 1.5, 'away_avg_goals_scored': 0, 'away_avg_goals_conceded': 1.5, 'home_goal_diff': -1.5, 'away_goal_diff': -1.5, 'total_goal_diff': 0.0, 'is_important': 1, 'odds_diff': 0}",60.5% (Outcome) / 72.6% (Over/Under)
Sundowns vs Fluminense,2025-06-25,15:00 (20:00),"14,312",Home Win/Draw,0.9481551228204385,"{'Home Win/Draw': np.float64(0.9481551228204385), 'Away Win': np.float64(0.051844877179561495)}",Under 2.5,0.9481551228204385,"{'Under 2.5': np.float64(0.9481551228204385), 'Over 2.5': np.float64(0.051844877179561495)}","{'home_form_wins': 0.0, 'away_form_wins': 0.0, 'elo_diff': 0, 'elo_ratio': 0.0, 'home_avg_goals_scored': 0, 'home_avg_goals_conceded': 1.5, 'away_avg_goals_scored': 0, 'away_avg_goals_conceded': 1.5, 'home_goal_diff': -1.5, 'away_goal_diff': -1.5, 'total_goal_diff': 0.0, 'is_important': 1, 'odds_diff': 0}",60.5% (Outcome) / 72.6% (Over/Under)
Espérance Tunis vs eng Chelsea,2025-06-24,21:00 (02:00),"32,967",Home Win/Draw,0.9481551228204385,"{'Home Win/Draw': np.float64(0.9481551228204385), 'Away Win': np.float64(0.051844877179561495)}",Under 2.5,0.9481551228204385,"{'Under 2.5': np.float64(0.9481551228204385), 'Over 2.5': np.float64(0.051844877179561495)}","{'home_form_wins': 0.0, 'away_form_wins': 0.0, 'elo_diff': 0, 'elo_ratio': 0.0, 'home_avg_goals_scored': 0, 'home_avg_goals_conceded': 1.5, 'away_avg_goals_scored': 0, 'away_avg_goals_conceded': 1.5, 'home_goal_diff': -1.5, 'away_goal_diff': -1.5, 'total_goal_diff': 0.0, 'is_important': 1, 'odds_diff': 0}",60.5% (Outcome) / 72.6% (Over/Under)
LAFC vs Flamengo,2025-06-24,21:00 (02:00),"32,933",Home Win/Draw,0.9481551228204385,"{'Home Win/Draw': np.float64(0.9481551228204385), 'Away Win': np.float64(0.051844877179561495)}",Under 2.5,0.9481551228204385,"{'Under 2.5': np.float64(0.9481551228204385), 'Over 2.5': np.float64(0.051844877179561495)}","{'home_form_wins': 0.0, 'away_form_wins': 0.0, 'elo_diff': 0, 'elo_ratio': 0.0, 'home_avg_goals_scored': 0, 'home_avg_goals_conceded': 1.5, 'away_avg_goals_scored': 0, 'away_avg_goals_conceded': 1.5, 'home_goal_diff': -1.5, 'away_goal_diff': -1.5, 'total_goal_diff': 0.0, 'is_important': 1, 'odds_diff': 0}",60.5% (Outcome) / 72.6% (Over/Under)
Juventus vs eng Manchester City,2025-06-26,15:00 (20:00),"54,320",Home Win/Draw,0.9481551228204385,"{'Home Win/Draw': np.float64(0.9481551228204385), 'Away Win': np.float64(0.051844877179561495)}",Under 2.5,0.9481551228204385,"{'Under 2.5': np.float64(0.9481551228204385), 'Over 2.5': np.float64(0.051844877179561495)}","{'home_form_wins': 0.0, 'away_form_wins': 0.0, 'elo_diff': 0, 'elo_ratio': 0.0, 'home_avg_goals_scored': 0, 'home_avg_goals_conceded': 1.5, 'away_avg_goals_scored': 0, 'away_avg_goals_conceded': 1.5, 'home_goal_diff': -1.5, 'away_goal_diff': -1.5, 'total_goal_diff': 0.0, 'is_important': 1, 'odds_diff': 0}",60.5% (Outcome) / 72.6% (Over/Under)
Wydad vs Ain,2025-06-26,15:00 (20:00),"10,785",Home Win/Draw,0.9481551228204385,"{'Home Win/Draw': np.float64(0.9481551228204385), 'Away Win': np.float64(0.051844877179561495)}",Under 2.5,0.9481551228204385,"{'Under 2.5': np.float64(0.9481551228204385), 'Over 2.5': np.float64(0.051844877179561495)}","{'home_form_wins': 0.0, 'away_form_wins': 0.0, 'elo_diff': 0, 'elo_ratio': 0.0, 'home_avg_goals_scored': 0, 'home_avg_goals_conceded': 1.5, 'away_avg_goals_scored': 0, 'away_avg_goals_conceded': 1.5, 'home_goal_diff': -1.5, 'away_goal_diff': -1.5, 'total_goal_diff': 0.0, 'is_important': 1, 'odds_diff': 0}",60.5% (Outcome) / 72.6% (Over/Under)
Urawa Reds vs Monterrey,2025-06-25,18:00 (02:00),"14,312",Home Win/Draw,0.9481551228204385,"{'Home Win/Draw': np.float64(0.9481551228204385), 'Away Win': np.float64(0.051844877179561495)}",Under 2.5,0.9481551228204385,"{'Under 2.5': np.float64(0.9481551228204385), 'Over 2.5': np.float64(0.051844877179561495)}","{'home_form_wins': 0.0, 'away_form_wins': 0.0, 'elo_diff': 0, 'elo_ratio': 0.0, 'home_avg_goals_scored': 0, 'home_avg_goals_conceded': 1.5, 'away_avg_goals_scored': 0, 'away_avg_goals_conceded': 1.5, 'home_goal_diff': -1.5, 'away_goal_diff': -1.5, 'total_goal_diff': 0.0, 'is_important': 1, 'odds_diff': 0}",60.5% (Outcome) / 72.6% (Over/Under)
Inter vs River Plate,2025-06-25,18:00 (02:00),"45,135",Home Win/Draw,0.9481551228204385,"{'Home Win/Draw': np.float64(0.9481551228204385), 'Away Win': np.float64(0.051844877179561495)}",Under 2.5,0.9481551228204385,"{'Under 2.5': np.float64(0.9481551228204385), 'Over 2.5': np.float64(0.051844877179561495)}","{'home_form_wins': 0.0, 'away_form_wins': 0.0, 'elo_diff': 0, 'elo_ratio': 0.0, 'home_avg_goals_scored': 0, 'home_avg_goals_conceded': 1.5, 'away_avg_goals_scored': 0, 'away_avg_goals_conceded': 1.5, 'home_goal_diff': -1.5, 'away_goal_diff': -1.5, 'total_goal_diff': 0.0, 'is_important': 1, 'odds_diff': 0}",60.5% (Outcome) / 72.6% (Over/Under)
Al-Hilal vs Pachuca,2025-06-26,20:00 (02:00),"14,147",Home Win/Draw,0.9481551228204385,"{'Home Win/Draw': np.float64(0.9481551228204385), 'Away Win': np.float64(0.051844877179561495)}",Under 2.5,0.9481551228204385,"{'Under 2.5': np.float64(0.9481551228204385), 'Over 2.5': np.float64(0.051844877179561495)}","{'home_form_wins': 0.0, 'away_form_wins': 0.0, 'elo_diff': 0, 'elo_ratio': 0.0, 'home_avg_goals_scored': 0, 'home_avg_goals_conceded': 1.5, 'away_avg_goals_scored': 0, 'away_avg_goals_conceded': 1.5, 'home_goal_diff': -1.5, 'away_goal_diff': -1.5, 'total_goal_diff': 0.0, 'is_important': 1, 'odds_diff': 0}",60.5% (Outcome) / 72.6% (Over/Under)
Salzburg vs Real Madrid,2025-06-26,21:00 (02:00),"64,811",Home Win/Draw,0.9481551228204385,"{'Home Win/Draw': np.float64(0.9481551228204385), 'Away Win': np.float64(0.051844877179561495)}",Under 2.5,0.9481551228204385,"{'Under 2.5': np.float64(0.9481551228204385), 'Over 2.5': np.float64(0.051844877179561495)}","{'home_form_wins': 0.0, 'away_form_wins': 0.0, 'elo_diff': 0, 'elo_ratio': 0.0, 'home_avg_goals_scored': 0, 'home_avg_goals_conceded': 1.5, 'away_avg_goals_scored': 0, 'away_avg_goals_conceded': 1.5, 'home_goal_diff': -1.5, 'away_goal_diff': -1.5, 'total_goal_diff': 0.0, 'is_important': 1, 'odds_diff': 0}",60.5% (Outcome) / 72.6% (Over/Under)
Palmeiras vs Botafogo,2025-06-28,12:00 (17:00),,Home Win/Draw,0.9481551228204385,"{'Home Win/Draw': np.float64(0.9481551228204385), 'Away Win': np.float64(0.051844877179561495)}",Under 2.5,0.9481551228204385,"{'Under 2.5': np.float64(0.9481551228204385), 'Over 2.5': np.float64(0.051844877179561495)}","{'home_form_wins': 0.0, 'away_form_wins': 0.0, 'elo_diff': 0, 'elo_ratio': 0.0, 'home_avg_goals_scored': 0, 'home_avg_goals_conceded': 1.5, 'away_avg_goals_scored': 0, 'away_avg_goals_conceded': 1.5, 'home_goal_diff': -1.5, 'away_goal_diff': -1.5, 'total_goal_diff': 0.0, 'is_important': 1, 'odds_diff': 0}",60.5% (Outcome) / 72.6% (Over/Under)
Benfica vs eng Chelsea,2025-06-28,16:00 (21:00),,Home Win/Draw,0.9481551228204385,"{'Home Win/Draw': np.float64(0.9481551228204385), 'Away Win': np.float64(0.051844877179561495)}",Under 2.5,0.9481551228204385,"{'Under 2.5': np.float64(0.9481551228204385), 'Over 2.5': np.float64(0.051844877179561495)}","{'home_form_wins': 0.0, 'away_form_wins': 0.0, 'elo_diff': 0, 'elo_ratio': 0.0, 'home_avg_goals_scored': 0, 'home_avg_goals_conceded': 1.5, 'away_avg_goals_scored': 0, 'away_avg_goals_conceded': 1.5, 'home_goal_diff': -1.5, 'away_goal_diff': -1.5, 'total_goal_diff': 0.0, 'is_important': 1, 'odds_diff': 0}",60.5% (Outcome) / 72.6% (Over/Under)
Paris S-G vs Inter Miami,2025-06-29,12:00 (17:00),,Home Win/Draw,0.9481551228204385,"{'Home Win/Draw': np.float64(0.9481551228204385), 'Away Win': np.float64(0.051844877179561495)}",Under 2.5,0.9481551228204385,"{'Under 2.5': np.float64(0.9481551228204385), 'Over 2.5': np.float64(0.051844877179561495)}","{'home_form_wins': 0.0, 'away_form_wins': 0.0, 'elo_diff': 0, 'elo_ratio': 0.0, 'home_avg_goals_scored': 0, 'home_avg_goals_conceded': 1.5, 'away_avg_goals_scored': 0, 'away_avg_goals_conceded': 1.5, 'home_goal_diff': -1.5, 'away_goal_diff': -1.5, 'total_goal_diff': 0.0, 'is_important': 1, 'odds_diff': 0}",60.5% (Outcome) / 72.6% (Over/Under)
Flamengo vs Bayern Munich,2025-06-29,16:00 (21:00),,Home Win/Draw,0.9481551228204385,"{'Home Win/Draw': np.float64(0.9481551228204385), 'Away Win': np.float64(0.051844877179561495)}",Under 2.5,0.9481551228204385,"{'Under 2.5': np.float64(0.9481551228204385), 'Over 2.5': np.float64(0.051844877179561495)}","{'home_form_wins': 0.0, 'away_form_wins': 0.0, 'elo_diff': 0, 'elo_ratio': 0.0, 'home_avg_goals_scored': 0, 'home_avg_goals_conceded': 1.5, 'away_avg_goals_scored': 0, 'away_avg_goals_conceded': 1.5, 'home_goal_diff': -1.5, 'away_goal_diff': -1.5, 'total_goal_diff': 0.0, 'is_important': 1, 'odds_diff': 0}",60.5% (Outcome) / 72.6% (Over/Under)
Inter vs Fluminense,2025-06-30,15:00 (20:00),,Home Win/Draw,0.9481551228204385,"{'Home Win/Draw': np.float64(0.9481551228204385), 'Away Win': np.float64(0.051844877179561495)}",Under 2.5,0.9481551228204385,"{'Under 2.5': np.float64(0.9481551228204385), 'Over 2.5': np.float64(0.051844877179561495)}","{'home_form_wins': 0.0, 'away_form_wins': 0.0, 'elo_diff': 0, 'elo_ratio': 0.0, 'home_avg_goals_scored': 0, 'home_avg_goals_conceded': 1.5, 'away_avg_goals_scored': 0, 'away_avg_goals_conceded': 1.5, 'home_goal_diff': -1.5, 'away_goal_diff': -1.5, 'total_goal_diff': 0.0, 'is_important': 1, 'odds_diff': 0}",60.5% (Outcome) / 72.6% (Over/Under)
Real Madrid vs Juventus,2025-07-01,15:00 (20:00),,Home Win/Draw,0.9481551228204385,"{'Home Win/Draw': np.float64(0.9481551228204385), 'Away Win': np.float64(0.051844877179561495)}",Under 2.5,0.9481551228204385,"{'Under 2.5': np.float64(0.9481551228204385), 'Over 2.5': np.float64(0.051844877179561495)}","{'home_form_wins': 0.0, 'away_form_wins': 0.0, 'elo_diff': 0, 'elo_ratio': 0.0, 'home_avg_goals_scored': 0, 'home_avg_goals_conceded': 1.5, 'away_avg_goals_scored': 0, 'away_avg_goals_conceded': 1.5, 'home_goal_diff': -1.5, 'away_goal_diff': -1.5, 'total_goal_diff': 0.0, 'is_important': 1, 'odds_diff': 0}",60.5% (Outcome) / 72.6% (Over/Under)
Manchester City eng vs Al-Hilal,2025-06-30,21:00 (02:00),,Home Win/Draw,0.9481551228204385,"{'Home Win/Draw': np.float64(0.9481551228204385), 'Away Win': np.float64(0.051844877179561495)}",Under 2.5,0.9481551228204385,"{'Under 2.5': np.float64(0.9481551228204385), 'Over 2.5': np.float64(0.051844877179561495)}","{'home_form_wins': 0.0, 'away_form_wins': 0.0, 'elo_diff': 0, 'elo_ratio': 0.0, 'home_avg_goals_scored': 0, 'home_avg_goals_conceded': 1.5, 'away_avg_goals_scored': 0, 'away_avg_goals_conceded': 1.5, 'home_goal_diff': -1.5, 'away_goal_diff': -1.5, 'total_goal_diff': 0.0, 'is_important': 1, 'odds_diff': 0}",60.5% (Outcome) / 72.6% (Over/Under)
Dortmund vs Monterrey,2025-07-01,21:00 (02:00),,Home Win/Draw,0.9481551228204385,"{'Home Win/Draw': np.float64(0.9481551228204385), 'Away Win': np.float64(0.051844877179561495)}",Under 2.5,0.9481551228204385,"{'Under 2.5': np.float64(0.9481551228204385), 'Over 2.5': np.float64(0.051844877179561495)}","{'home_form_wins': 0.0, 'away_form_wins': 0.0, 'elo_diff': 0, 'elo_ratio': 0.0, 'home_avg_goals_scored': 0, 'home_avg_goals_conceded': 1.5, 'away_avg_goals_scored': 0, 'away_avg_goals_conceded': 1.5, 'home_goal_diff': -1.5, 'away_goal_diff': -1.5, 'total_goal_diff': 0.0, 'is_important': 1, 'odds_diff': 0}",60.5% (Outcome) / 72.6% (Over/Under)
